salary,city,positionName,district,companyFullName,createTime
15k-30k,深圳,Python开发工程师,南山区,冬竞投资有限公司深圳分公司,2017-09-21 15:52:20
18k-25k,深圳,Python开发工程师,罗湖区,深圳众禄金融控股股份有限公司,2017-09-26 08:50:49
15k-30k,深圳,Python,南山区,深圳市乐易网络有限公司,2017-09-26 10:09:17
10k-15k,深圳,Python研发工程师,南山区,深圳市青柏信息科技有限公司,2017-09-26 09:35:03
9k-15k,深圳,Python工程师,福田区,深圳市紫川软件有限公司,2017-09-26 09:09:22
16k-20k,深圳,Python,南山区,福瑞博德软件开发（深圳）有限公司,2017-09-26 17:06:03
10k-15k,深圳,Python开发工程师,南山区,上海奥飞游戏有限公司,2017-09-26 10:42:17
20k-30k,深圳,Python,南山区,深圳市五一五游戏网络有限公司,2017-09-26 14:53:40
20k-35k,深圳,Python开发,南山区,上海航仕企业管理有限公司,2017-09-25 09:38:23
15k-30k,深圳,Python工程师（运维平台）,南山区,广东欧珀移动通信有限公司,2017-09-11 09:47:05
13k-25k,深圳,Python开发工程师,福田区,文思海辉技术有限公司,2017-09-26 10:32:40
15k-25k,深圳,Python软件工程师,南山区,深圳市和美信息技术有限公司,2017-09-26 11:58:14
7k-10k,深圳,Python开发工程师,南山区,中国都会控股集团有限公司,2017-09-26 15:34:51
15k-25k,深圳,高级Python开发工程师,南山区,深圳市和讯华谷信息技术有限公司,2017-09-26 14:16:55
15k-30k,深圳,python工程师,南山区,厦门笨鸟电子商务有限公司,2017-09-26 09:13:51
30k-50k,深圳,Python开发工程师（高级）,南山区,冬竞投资有限公司深圳分公司,2017-09-21 15:52:22
18k-25k,深圳,python工程师,罗湖区,深圳众禄金融控股股份有限公司,2017-09-26 08:50:48
10k-15k,深圳,python开发工程师,南山区,深圳市乐易网络有限公司,2017-09-26 10:09:17
18k-30k,深圳,云平台高级开发工程师-Python,南山区,腾讯科技(深圳)有限公司,2017-09-25 09:54:29
20k-25k,深圳,Python AI工程师,南山区,深圳市南方网通网络技术开发有限公司,2017-09-26 09:01:03
10k-20k,深圳,Python工程师（外包-南山科技园）,南山区,福瑞博德软件开发（深圳）有限公司,2017-09-25 16:20:58
12k-20k,深圳,python开发工程师,南山区,深圳市新华云帆科技有限公司,2017-09-26 11:43:53
10k-18k,深圳,Python开发工程师,龙岗区,深圳市易讯天空网络技术有限公司,2017-09-26 09:53:26
15k-30k,深圳,Python,南山区,深圳市小闪快送网络科技有限公司,2017-09-25 09:49:43
10k-20k,深圳,python开发工程师,宝安区,深圳市对酒当歌科技有限公司,2017-09-26 12:11:09
15k-25k,深圳,Python工程师,南山区,深圳市出众网络有限公司,2017-09-26 10:42:56
10k-15k,深圳,python开发工程师,南山区,深圳优克云联科技有限公司,2017-09-26 09:34:33
10k-15k,深圳,初中级Python工程师,福田区,深圳市雁联计算系统有限公司,2017-09-26 09:53:10
10k-20k,深圳,python开发工程师,南山区,智言科技(深圳)有限公司,2017-09-25 18:39:41
15k-23k,深圳,高级Python开发工程师,福田区,深圳晶泰科技有限公司,2017-09-26 09:29:32
18k-25k,深圳,python工程师,罗湖区,深圳众禄金融控股股份有限公司,2017-09-26 08:50:48
15k-30k,深圳,Python,南山区,深圳市乐易网络有限公司,2017-09-26 10:09:17
10k-20k,深圳,Python工程师,南山区,深圳市南方网通网络技术开发有限公司,2017-09-26 09:01:03
13k-25k,深圳,高级python开发工程师,福田区,北京国双科技有限公司,2017-09-26 14:41:29
15k-30k,深圳,Python 开发工程师,南山区,深圳贝尔创意科教有限公司,2017-09-25 09:21:54
18k-30k,深圳,监控系统开发工程师-Python,南山区,腾讯科技(深圳)有限公司,2017-09-25 09:54:30
16k-20k,深圳,Python 开发工程师,南山区,福瑞博德软件开发（深圳）有限公司,2017-09-21 09:47:59
15k-25k,深圳,python工程师,龙华新区,广州赛意信息科技股份有限公司,2017-09-25 08:50:41
9k-16k,深圳,Python开发,南山区,深圳前海融数通科技有限公司,2017-08-29 10:22:24
15k-20k,深圳,Python开发工程师,福田区,飞马大宗投资有限公司,2017-09-26 09:20:59
10k-20k,深圳,Python研发工程师,南山区,深圳开黑科技有限公司,2017-09-21 11:10:17
16k-30k,深圳,Python高级开发工程师,福田区,乐格商业咨询（深圳）有限公司,2017-09-25 08:54:41
15k-30k,深圳,Python,南山区,心灵失重（北京）科技有限公司,2017-09-25 10:30:46
15k-20k,深圳,Python／PHP 语言开发工程师-YL,南山区,深圳瀚德金融控股有限公司,2017-09-25 09:12:50
12k-20k,深圳,Python工程师,南山区,南方银谷科技有限公司,2017-09-26 09:28:13
18k-25k,深圳,python,罗湖区,深圳众禄金融控股股份有限公司,2017-09-26 08:50:49
15k-30k,深圳,python高级开发工程师,南山区,深圳市乐易网络有限公司,2017-09-26 10:09:17
18k-30k,深圳,HY2-监控系统开发工程师-Python（深圳）,南山区,腾讯科技(深圳)有限公司,2017-09-25 09:54:32
12k-24k,深圳,高级Python开发工程师,福田区,北京国双科技有限公司,2017-09-26 14:41:29
8k-13k,深圳,Python工程师,南山区,深圳米筐科技有限公司,2017-09-18 10:12:32
15k-29k,深圳,Python开发工程师,龙岗区,深圳市猎芯科技有限公司,2017-09-07 09:38:35
18k-35k,深圳,Python（高级&amp;资深&amp;leader）,南山区,深圳市明源云客电子商务有限公司,2017-09-26 08:56:56
10k-20k,深圳,Python 软件开发工程师,南山区,首汇焦点（北京）科技有限公司,2017-09-26 14:25:44
8k-15k,深圳,软件开发工程师（Python方向）,南山区,五谷磨房食品集团有限公司,2017-09-19 14:51:31
15k-30k,深圳,Python开发工程师（深圳）,福田区,平安科技（深圳）有限公司,2017-09-22 15:30:17
15k-20k,深圳,中高级Python开发工程师,南山区,福瑞博德软件开发（深圳）有限公司,2017-09-18 09:47:31
7k-14k,深圳,Python开发工程师,南山区,深圳市百答科技有限公司,2017-09-26 11:19:33
10k-20k,深圳,python开发工程师,南山区,深圳市东方博雅科技有限公司,2017-09-26 09:39:00
10k-16k,深圳,python开发工程师,宝安区,斯坦德机器人（深圳）有限公司,2017-09-18 09:01:27
18k-30k,深圳,Python 算法工程师,福田区,深圳晶泰科技有限公司,2017-09-26 09:29:32
20k-28k,深圳,资深Python工程师,南山区,深圳米筐科技有限公司,2017-09-18 10:12:29
15k-25k,深圳,机器学习工程师（Python）-深圳,福田区,北京国双科技有限公司,2017-09-25 15:46:44
12k-20k,深圳,Python开发工程师,南山区,广东粤数大数据有限公司,2017-09-25 13:47:09
13k-25k,深圳,高级Python研发工程师,南山区,深圳开黑科技有限公司,2017-09-21 11:10:16
15k-25k,深圳,资深Python开发工程师,南山区,深圳市易博天下科技有限公司,2017-08-28 12:21:37
10k-15k,深圳,python开发工程师,南山区,深圳市富士智能系统有限公司,2017-09-25 09:59:19
20k-40k,深圳,高级Python开发工程师 (深圳),盐田区,深圳码隆科技有限公司,2017-09-26 10:09:06
15k-29k,深圳,Python工程师,龙岗区,深圳市猎芯科技有限公司,2017-09-07 09:38:36
15k-25k,深圳,Python/ C++开发－服务机器人应用程序,南山区,深圳市阿西莫夫科技有限公司,2017-09-26 09:38:03
18k-30k,深圳,HY2-python后台开发工程师（深圳）,南山区,腾讯科技(深圳)有限公司,2017-09-25 09:54:32
8k-12k,深圳,python开发工程师,宝安区,深圳博看辰思科技有限公司,2017-09-26 17:21:05
15k-25k,深圳,Python后台开发工程师,宝安区,深圳小步网络科技有限公司,2017-09-25 14:15:15
15k-30k,深圳,高级Python开发工程师,南山区,深圳狗尾草智能科技有限公司,2017-09-18 09:29:38
14k-18k,深圳,python开发工程师,南山区,深圳网脊科技开发有限公司,2017-09-25 14:47:27
15k-30k,深圳,Python测试开发工程师,,广东欧珀移动通信有限公司,2017-09-11 09:47:05
